date,views,views_unique,clones,clones_unique,ci_runs
2026-05-17,0,0,0,0,0
2026-05-18,0,0,0,0,0
2026-05-19,0,0,0,0,0
2026-05-20,0,0,0,0,0
2026-05-21,0,0,0,0,0
2026-05-22,0,0,0,0,0
2026-05-23,6,3,22,13,8
2026-05-24,8,6,468,178,71
2026-05-25,3,2,192,72,0
2026-05-26,1,1,266,112,0
2026-05-27,3,2,286,103,32
2026-05-28,1,1,246,108,0
2026-05-29,12,5,539,175,70
2026-05-30,7,2,523,141,45
2026-05-31,11,6,569,163,52
2026-06-01,1,1,272,91,30
2026-06-02,0,0,613,169,75
2026-06-03,0,0,106,41,9
2026-06-04,3,3,11,8,1
2026-06-05,0,0,123,43,10
2026-06-06,1,1,30,10,1
2026-06-07,1,1,101,32,8
2026-06-08,4,4,13,8,1
2026-06-09,0,0,60,22,0
2026-06-10,0,0,13,9,1
2026-06-11,7,2,5,4,1
2026-06-12,3,3,233,72,0
2026-06-13,1,1,86,25,6
2026-06-14,13,2,131,33,13
2026-06-15,0,0,26,11,4
2026-06-16,0,0,111,34,5
2026-06-17,5,2,174,53,14
2026-06-18,2,1,236,53,1
2026-06-19,3,2,146,38,1
2026-06-20,1,1,39,12,2
2026-06-21,2,1,11,6,1
2026-06-22,0,0,9,5,1
2026-06-23,0,0,16,7,1
2026-06-24,0,0,17,9,1
2026-06-25,0,0,7,4,1
2026-06-26,0,0,8,4,1
2026-06-27,1,1,12,7,1
2026-06-28,1,1,15,7,1
2026-06-29,0,0,12,6,1
2026-06-30,3,1,2,2,1
2026-07-01,4,1,1,1,1
2026-07-02,0,0,7,6,1
2026-07-03,1,1,14,8,1
2026-07-04,0,0,12,7,1
2026-07-05,1,1,9,6,1
2026-07-06,1,1,1,1,1
2026-07-07,1,1,8,4,1
2026-07-08,0,0,8,5,1
2026-07-09,0,0,2,2,1
2026-07-10,3,1,11,7,1
2026-07-11,0,0,11,6,1
2026-07-12,3,2,2,2,1
2026-07-13,2,2,9,5,1
2026-07-14,0,0,3,3,1
2026-07-15,0,0,7,4,1
2026-07-16,4,3,2,2,1
2026-07-17,0,0,2,2,0
2026-07-18,0,0,1,1,0
2026-07-19,17,1,2,2,0
2026-07-20,1,1,1,1,0
2026-07-21,2,2,8,5,1
2026-07-22,11,1,3,3,2
2026-07-23,0,0,1,1,0
2026-07-24,7,2,1,1,1
2026-07-25,0,0,3,3,0
2026-07-26,0,0,1,1,1
2026-07-27,0,0,1,1,0
2026-07-28,0,0,2,2,1
2026-07-29,0,0,1,1,0
2026-07-30,0,0,2,2,1
2026-07-31,3,1,1,1,0
2026-08-01,0,0,2,2,0
2026-08-02,4,2,1,1,1
2026-08-03,3,1,39,14,4
2026-08-04,1,1,10,6,0
2026-08-05,0,0,53,17,13
2026-08-06,5,1,32,15,8
2026-08-07,0,0,10,7,5
2026-08-08,0,0,6,3,1
2026-08-09,0,0,9,5,1
2026-08-10,0,0,3,3,1
2026-08-11,1,1,1,1,1
2026-08-12,0,0,1,1,1
2026-08-13,4,3,2,2,1
2026-08-14,1,1,2,2,1
2026-08-15,0,0,3,3,1
2026-08-16,1,1,3,3,1
2026-08-17,1,1,1,1,1
2026-08-18,2,2,12,8,1
2026-08-19,0,0,15,9,1
